type,name,category_or_section,status,path_or_need
have,Room Drops,See HTML review,Available,WHAT_WE_HAVE_AND_STILL_NEED_VISUAL.html
have,Chair Drop / HORIZONS Connect,See HTML review,Available,WHAT_WE_HAVE_AND_STILL_NEED_VISUAL.html
have,HORIZONS House / Reception Display,See HTML review,Available,WHAT_WE_HAVE_AND_STILL_NEED_VISUAL.html
have,Lanyards / Namecards,See HTML review,Available,WHAT_WE_HAVE_AND_STILL_NEED_VISUAL.html
have,Team Clothing,See HTML review,Available,WHAT_WE_HAVE_AND_STILL_NEED_VISUAL.html
have,Signage / Wayfinding,See HTML review,Available,WHAT_WE_HAVE_AND_STILL_NEED_VISUAL.html
have,HORIZONS Hall Layouts,See HTML review,Available,WHAT_WE_HAVE_AND_STILL_NEED_VISUAL.html
have,Menus / Podcast / Source Documents,See HTML review,Available,WHAT_WE_HAVE_AND_STILL_NEED_VISUAL.html
have,Logos / Brand,See HTML review,Available,WHAT_WE_HAVE_AND_STILL_NEED_VISUAL.html
missing,StudioBinder call sheet example,,File Needed,Add file/link when available. Keep unresolved until confirmed.
missing,Current production call sheet,,File Needed,Add file/link when available. Keep unresolved until confirmed.
missing,Weather call sheet reference,,File Needed,Add file/link when available. Keep unresolved until confirmed.
missing,Final master schedule,,File Needed,Add file/link when available. Keep unresolved until confirmed.
missing,Ben’s document,,File Needed,Add file/link when available. Keep unresolved until confirmed.
missing,Production contact hierarchy,,File Needed,Add file/link when available. Keep unresolved until confirmed.
missing,Crew call sheet layout,,File Needed,Add file/link when available. Keep unresolved until confirmed.
missing,Cvent agenda export,,File Needed,Add file/link when available. Keep unresolved until confirmed.
missing,Cvent speaker/session export,,File Needed,Add file/link when available. Keep unresolved until confirmed.
missing,Cvent venue/location list,,File Needed,Add file/link when available. Keep unresolved until confirmed.
missing,Cvent meal/restaurant schedule,,File Needed,Add file/link when available. Keep unresolved until confirmed.
missing,Cvent attendee-facing copy,,File Needed,Add file/link when available. Keep unresolved until confirmed.
missing,Speaker list,,File Needed,Add file/link when available. Keep unresolved until confirmed.
missing,Speaker bios,,File Needed,Add file/link when available. Keep unresolved until confirmed.
missing,Speaker session titles,,File Needed,Add file/link when available. Keep unresolved until confirmed.
missing,Speaker session descriptions,,File Needed,Add file/link when available. Keep unresolved until confirmed.
missing,Speaker deck copy,,File Needed,Add file/link when available. Keep unresolved until confirmed.
missing,Speaker notes,,File Needed,Add file/link when available. Keep unresolved until confirmed.
missing,Speaker rehearsal schedule,,Partially Added,Detailed Monday 8 June and Tuesday 9 June rehearsal records added from Samuel note. Final TBC HORIZONS Hall timing/location still needs confirmation.
missing,Horizons Hall rehearsal schedule,,Partially Added,Detailed Monday 8 June and Tuesday 9 June rehearsal records added from Samuel note. Final TBC HORIZONS Hall timing/location still needs confirmation.
missing,Horizons Studio rehearsal schedule,,Partially Added,Detailed Monday 8 June and Tuesday 9 June rehearsal records added from Samuel note. Final TBC HORIZONS Hall timing/location still needs confirmation.
missing,Technical rehearsal schedule,,Partially Added,Detailed Monday 8 June and Tuesday 9 June rehearsal records added from Samuel note. Final TBC HORIZONS Hall timing/location still needs confirmation.
missing,Gift card artwork,,File Needed,Add file/link when available. Keep unresolved until confirmed.
missing,Wayfinding artwork,,File Needed,Add file/link when available. Keep unresolved until confirmed.
missing,Easel board artwork,,File Needed,Add file/link when available. Keep unresolved until confirmed.
missing,A1 board artwork,,File Needed,Add file/link when available. Keep unresolved until confirmed.
missing,Natural totem artwork,,File Needed,Add file/link when available. Keep unresolved until confirmed.
missing,Signage placement map,,File Needed,Add file/link when available. Keep unresolved until confirmed.
missing,Tote bag artwork,,Complete,Tote bag reference already present and confirmed in room-drop brief.
missing,Notebook artwork,,File Needed,Add file/link when available. Keep unresolved until confirmed.
missing,Room drop references,,File Needed,Add file/link when available. Keep unresolved until confirmed.
missing,Print specs,,File Needed,Add file/link when available. Keep unresolved until confirmed.
missing,Clownfish setup positioning instructions,,File Needed,Add file/link when available. Keep unresolved until confirmed.
missing,Clownfish staff list,,File Needed,Add file/link when available. Keep unresolved until confirmed.
missing,Clownfish roles/responsibilities,,File Needed,Add file/link when available. Keep unresolved until confirmed.
missing,I.N.C staff list,,File Needed,Add file/link when available. Keep unresolved until confirmed.
missing,I.N.C roles/responsibilities,,File Needed,Add file/link when available. Keep unresolved until confirmed.
missing,BeGood staff/contact details,,File Needed,Add file/link when available. Keep unresolved until confirmed.
missing,Hotel key contacts,,File Needed,Add file/link when available. Keep unresolved until confirmed.
missing,Supplier contact list,,File Needed,Add file/link when available. Keep unresolved until confirmed.
missing,DJ Lindsay Evans details,,File Needed,Add file/link when available. Keep unresolved until confirmed.
missing,DJ Paris Taylor details,,File Needed,Add file/link when available. Keep unresolved until confirmed.
missing,Connor Reeves details,,File Needed,Add file/link when available. Keep unresolved until confirmed.
missing,Christina Hizon details,,File Needed,Add file/link when available. Keep unresolved until confirmed.
missing,Dan the Man details,,File Needed,Add file/link when available. Keep unresolved until confirmed.
missing,Performer arrival times,,File Needed,Add file/link when available. Keep unresolved until confirmed.
missing,Sound check times,,File Needed,Add file/link when available. Keep unresolved until confirmed.
missing,Performance times,,File Needed,Add file/link when available. Keep unresolved until confirmed.
missing,Technical riders,,File Needed,Add file/link when available. Keep unresolved until confirmed.
missing,Hospitality requirements,,File Needed,Add file/link when available. Keep unresolved until confirmed.
missing,Curated playlist links,,File Needed,Add file/link when available. Keep unresolved until confirmed.
missing,Playlist names,,File Needed,Add file/link when available. Keep unresolved until confirmed.
missing,Music usage schedule,,File Needed,Add file/link when available. Keep unresolved until confirmed.
missing,Start/stop ownership,,File Needed,Add file/link when available. Keep unresolved until confirmed.
missing,Backup playlist plan,,File Needed,Add file/link when available. Keep unresolved until confirmed.
missing,Final podcast schedule imported,,Added to Website,Imported from H O R I Z O N S x DoF _ Podcast Outreach.xlsx on 5 June 2026.
missing,Podcast guest list imported,,Added to Website,Scheduled podcast guests imported from H O R I Z O N S x DoF _ Podcast Outreach.xlsx. Confirmed-but-unscheduled guests documented separately.
missing,Podcast run sheet partially imported,,Partially Added,Recording slots and lunch support moments imported. Detailed presenter/technical/release notes still need follow-up.
missing,Presenter notes,,File Needed,Add file/link when available. Keep unresolved until confirmed.
missing,Guest arrival/holding notes,,File Needed,Add file/link when available. Keep unresolved until confirmed.
missing,Podcast technical notes,,File Needed,Add file/link when available. Keep unresolved until confirmed.
missing,Release forms,,File Needed,Add file/link when available. Keep unresolved until confirmed.
missing,Restaurant/meal schedules,,File Needed,Add file/link when available. Keep unresolved until confirmed.
missing,Final menus,,Added to Website,"HORIZONS_MENUS_WIP5.pdf is linked in Documents and canonical menu records are available in the Menus section. Remaining menu questions are location/link confirmations, not missing source file blockers."
missing,Dietary notes,,File Needed,Add file/link when available. Keep unresolved until confirmed.
missing,Venue maps,,File Needed,Add file/link when available. Keep unresolved until confirmed.
missing,Floor plans,,File Needed,Add file/link when available. Keep unresolved until confirmed.
missing,Seating plans,,Partially Added,HORIZONS Hall theatre and round-table layout PDFs are added. Reserved seat assignments and other seating plans still need confirmation.
missing,Stage layouts,,File Needed,Add file/link when available. Keep unresolved until confirmed.
missing,Tommy’s Tunnel access/load-in notes,,File Needed,Add file/link when available. Keep unresolved until confirmed.
missing,Confirmed nearest hospital / emergency medical route,,Needs Confirmation,Current site uses a Google Maps search fallback until the exact hospital is confirmed. Kelechi replaces Pili Lopez for this previous owner path; confirm exact ownership.
missing,Eve Dusek name / role confirmation,,File Needed,Added from Chris/Samuel review.
missing,Health & Safety contact ownership,,Needs Confirmation,Added from Chris/Samuel review. Kelechi replaces Pili Lopez for this previous owner path; confirm exact ownership.
missing,Venue map / exact location pins,,Needs Confirmation,Added from Chris/Samuel review. Kelechi replaces Pili Lopez for this previous owner path; confirm exact ownership.
missing,Weather location confirmation,,Needs Confirmation,Added from Chris/Samuel review. Kelechi replaces Pili Lopez for this previous owner path; confirm exact ownership.
missing,Display cabinet image,,Complete,Display cabinet reference image added from Swag Delivery Brief.
missing,Crew shirts data/image confirmation,,File Needed,Added from Chris/Samuel review.
missing,HORIZONS Hall / Studio / Podcast logos,,File Needed,Added from Chris/Samuel review.
missing,Wayfinding artwork files,,File Needed,Added from Chris/Samuel review.
missing,A1 easel board files,,File Needed,Added from Chris/Samuel review.
missing,3 totem exact locations,,File Needed,Added from Chris/Samuel review.
missing,2 wall foam board locations,,File Needed,Added from Chris/Samuel review.
missing,Staff list corrections,,File Needed,Added from Chris/Samuel review.
missing,Slack production routing approval,,File Needed,Added from Chris/Samuel review.
missing,Updated HORIZONS Hall Round Table Layout Needed from Kirsty / Clownfish,,Needed,"Please confirm final table count, seats per table, table numbering, and whether the uploaded 80-seat layout is final. Current working website plan uses 10 tables with 9 guest slots per table, but the uploaded layout shows seated capacity 80."
